concept,source,destination,sha256,outcome,hero,ability,trigger,visibility,visibility_detail
SFX_UI_CLICK,SFX/packages/web/src/assets/sfx/common/ui/buttonClick01.wav,packages/web/src/assets/sfx/common/ui/buttonClick01.wav,089142045b203b63943951245fa5e0407768423654bff736b427b1799b3263d2,ADDED,Shared,Shared across relevant heroes/base classes,"Local successful button activation in Lobby, navigation, dialogs and Ready controls. INTEGRATION GAP: no UI sound hook.",LOCAL UI ONLY,local UI only
SFX_UI_CLICK,SFX/packages/web/src/assets/sfx/common/ui/buttonClick02.wav,packages/web/src/assets/sfx/common/ui/buttonClick02.wav,f1331f25b2cfb13ba4bb00319ba6374c020ead13afc3e5c721de9d68d90690f6,ADDED,Shared,Shared across relevant heroes/base classes,"Local successful button activation in Lobby, navigation, dialogs and Ready controls. INTEGRATION GAP: no UI sound hook.",LOCAL UI ONLY,local UI only
SFX_UI_CLICK,SFX/packages/web/src/assets/sfx/common/ui/buttonClick03.wav,packages/web/src/assets/sfx/common/ui/buttonClick03.wav,308cb967e6814a1b2bf1ea2859ab85f6c0cc034b6f9e723b2e083708adcba982,ADDED,Shared,Shared across relevant heroes/base classes,"Local successful button activation in Lobby, navigation, dialogs and Ready controls. INTEGRATION GAP: no UI sound hook.",LOCAL UI ONLY,local UI only
SFX_UI_SELECT,SFX/packages/web/src/assets/sfx/common/ui/actionSelect.wav,packages/web/src/assets/sfx/common/ui/actionSelect.wav,9557128a2cd9794da0874a6117a21479839b143e8b11fe6e036c83296af818c8,ADDED,Shared,Shared across relevant heroes/base classes,"Local actionMode / ability selection in store.ts, BattleActionButtons and AbilityMenu; also Attack selected. No GameEvent; UI integration gap.",LOCAL UI ONLY,local UI only
SFX_UI_INVALID,SFX/packages/web/src/assets/sfx/common/ui/actionInvalid.wav,packages/web/src/assets/sfx/common/ui/actionInvalid.wav,f65211385fbc6183cc87fba7ea53eeafed2f46f8d437d3cbe12256d55250f35d,ADDED,Shared,Shared across relevant heroes/base classes,Client validation failure or own actionResult ok=false / error message. One cue per rejection; insufficient charges shares it.,LOCAL UI ONLY,"local UI only, the player attempting the action"
SFX_UI_PENDING,SFX/packages/web/src/assets/sfx/common/ui/decisionReady.wav,packages/web/src/assets/sfx/common/ui/decisionReady.wav,8dac2a0d697207600d399c0f79a337f18363af3dfb0a1d58d1aa2a724ee83d5c,ADDED,Shared,Shared across relevant heroes/base classes,New authorized pendingRoll.id / pendingDecision.viewerCanRespond=true; rollRequested and reactionOpportunity are supporting events.,OWNER ONLY,only the player who can respond
SFX_UI_TARGET,SFX/packages/web/src/assets/sfx/common/ui/targetConfirm.wav,packages/web/src/assets/sfx/common/ui/targetConfirm.wav,126456e9b82bd977d65021ba5fdd199add6f248434c586c4d477de75d8da3408,ADDED,Shared,Shared across relevant heroes/base classes,"Locally accept a legal unit/cell/line target, including hidden setup selections. UI gap.",LOCAL UI ONLY,local UI only
SFX_UI_MODAL,SFX/packages/web/src/assets/sfx/common/ui/modalOpen.wav,packages/web/src/assets/sfx/common/ui/modalOpen.wav,eeac78ae53297f842e723483131e80b189811618e95ecd5cd42972846abf2931,ADDED,Shared,Shared across relevant heroes/base classes,RulesModal/Dialog/BottomSheet intentionally opened by local player. UI gap.,LOCAL UI ONLY,local UI only
SFX_DICE_ROLL,SFX/packages/web/src/assets/sfx/common/combat/diceRoll01.wav,packages/web/src/assets/sfx/common/combat/diceRoll01.wav,11b94657932e414cbc26691123fe8bef121f4cbee461327d6678eeaf8f616145,ADDED,Shared,Shared across relevant heroes/base classes,"Local explicit dice/resolvePendingRoll activation for an actual random RollKind; initiativeRolled or attackResolved provides later result, not rollRequested itself. Pending choice dialogs are not dice rolls.",LOCAL UI ONLY,rolling player; both only when a public dice animation actually runs
SFX_DICE_ROLL,SFX/packages/web/src/assets/sfx/common/combat/diceRoll02.wav,packages/web/src/assets/sfx/common/combat/diceRoll02.wav,ed1bca00b467bc0d755e83f3139317aca9ede07742097f603326314ab0531f63,ADDED,Shared,Shared across relevant heroes/base classes,"Local explicit dice/resolvePendingRoll activation for an actual random RollKind; initiativeRolled or attackResolved provides later result, not rollRequested itself. Pending choice dialogs are not dice rolls.",LOCAL UI ONLY,rolling player; both only when a public dice animation actually runs
SFX_DICE_ROLL,SFX/packages/web/src/assets/sfx/common/combat/diceRoll03.wav,packages/web/src/assets/sfx/common/combat/diceRoll03.wav,c70751d6f15e2477056ac96dbeacba2fd6e06e20066f3a7c5ceb654be41fc936,ADDED,Shared,Shared across relevant heroes/base classes,"Local explicit dice/resolvePendingRoll activation for an actual random RollKind; initiativeRolled or attackResolved provides later result, not rollRequested itself. Pending choice dialogs are not dice rolls.",LOCAL UI ONLY,rolling player; both only when a public dice animation actually runs
SFX_DICE_ROLL,SFX/packages/web/src/assets/sfx/common/combat/diceRoll04.wav,packages/web/src/assets/sfx/common/combat/diceRoll04.wav,05a7461f26a918a3daacd1b9e9672d2aff294ebe487e6d49d5ae3aa40f17bbff,ADDED,Shared,Shared across relevant heroes/base classes,"Local explicit dice/resolvePendingRoll activation for an actual random RollKind; initiativeRolled or attackResolved provides later result, not rollRequested itself. Pending choice dialogs are not dice rolls.",LOCAL UI ONLY,rolling player; both only when a public dice animation actually runs
SFX_ATTACK,SFX/packages/web/src/assets/sfx/common/combat/attack01.wav,packages/web/src/assets/sfx/common/combat/attack01.wav,c35e47e9e54ecbaf0146f034cc0b833a9877c5db8c3e6a7df880c77f11605ac2,ADDED,Shared,Shared across relevant heroes/base classes,attackResolved with attackerRollIsNew != false in current mapper; future launch timing requires combat context / accepted attack commitment. Generic fallback when no hero signature applies.,PUBLIC,"both, only for the visible/authorized effect"
SFX_ATTACK,SFX/packages/web/src/assets/sfx/common/combat/attack02.wav,packages/web/src/assets/sfx/common/combat/attack02.wav,c2da0464cfa287ea38b9cb12d4da5c194df92a05b8f2f0ea32f056ac989d9e75,ADDED,Shared,Shared across relevant heroes/base classes,attackResolved with attackerRollIsNew != false in current mapper; future launch timing requires combat context / accepted attack commitment. Generic fallback when no hero signature applies.,PUBLIC,"both, only for the visible/authorized effect"
SFX_ATTACK,SFX/packages/web/src/assets/sfx/common/combat/attack03.wav,packages/web/src/assets/sfx/common/combat/attack03.wav,27382686dd934326753edb249fd017e7b5ec149f74871f4cbb7a433a9aa9c3e4,ADDED,Shared,Shared across relevant heroes/base classes,attackResolved with attackerRollIsNew != false in current mapper; future launch timing requires combat context / accepted attack commitment. Generic fallback when no hero signature applies.,PUBLIC,"both, only for the visible/authorized effect"
SFX_HIT,SFX/packages/web/src/assets/sfx/common/combat/hit01.wav,packages/web/src/assets/sfx/common/combat/hit01.wav,f758c7029d02b5caf93e060de7d6fc4ce7cb583f7e9648a72116e4e86c1a61be,ADDED,Shared,Shared across relevant heroes/base classes,attackResolved.hit=true AND damage>0; use visible damagedUnitIds/damageByUnitId for AoE only when no equivalent per-target attackResolved exists.,PUBLIC,"both, only for the visible/authorized effect"
SFX_HIT,SFX/packages/web/src/assets/sfx/common/combat/hit02.wav,packages/web/src/assets/sfx/common/combat/hit02.wav,954e625d47617b514f409b2e911cb275680aee59f59326b5081f530082763bd8,ADDED,Shared,Shared across relevant heroes/base classes,attackResolved.hit=true AND damage>0; use visible damagedUnitIds/damageByUnitId for AoE only when no equivalent per-target attackResolved exists.,PUBLIC,"both, only for the visible/authorized effect"
SFX_HIT,SFX/packages/web/src/assets/sfx/common/combat/hit03.wav,packages/web/src/assets/sfx/common/combat/hit03.wav,a0a4ec36ba4a1a749241a6130af6edfe35a8d6fd01dcdf4bf262568ccdd21a14,ADDED,Shared,Shared across relevant heroes/base classes,attackResolved.hit=true AND damage>0; use visible damagedUnitIds/damageByUnitId for AoE only when no equivalent per-target attackResolved exists.,PUBLIC,"both, only for the visible/authorized effect"
SFX_HIT,SFX/packages/web/src/assets/sfx/common/combat/hit04.wav,packages/web/src/assets/sfx/common/combat/hit04.wav,66ada2a13c6e6364c4fc3f525cec525c6cca7a730305c392ab32dcfae2b2c197,ADDED,Shared,Shared across relevant heroes/base classes,attackResolved.hit=true AND damage>0; use visible damagedUnitIds/damageByUnitId for AoE only when no equivalent per-target attackResolved exists.,PUBLIC,"both, only for the visible/authorized effect"
SFX_MISS,SFX/packages/web/src/assets/sfx/common/combat/miss01.wav,packages/web/src/assets/sfx/common/combat/miss01.wav,7274e3c6134413626ac1162ad42b9cd14dd01e5e41d9d480a421b3d7d1f8f6c5,ADDED,Shared,Shared across relevant heroes/base classes,"attackResolved.hit=false, unless a specific successful auto-defense cue replaces it.",PUBLIC,"both, only for the visible/authorized effect"
SFX_MISS,SFX/packages/web/src/assets/sfx/common/combat/miss02.wav,packages/web/src/assets/sfx/common/combat/miss02.wav,c5220d358aa862b26356b2394959edde6e84191b290a13712fd17bb8b0cf4c8f,ADDED,Shared,Shared across relevant heroes/base classes,"attackResolved.hit=false, unless a specific successful auto-defense cue replaces it.",PUBLIC,"both, only for the visible/authorized effect"
SFX_MISS,SFX/packages/web/src/assets/sfx/common/combat/miss03.wav,packages/web/src/assets/sfx/common/combat/miss03.wav,a211e3d3b89e79d8b89c6b71c45a1ed7730e5e331b0d9dfd1bca2d5478e27eca,ADDED,Shared,Shared across relevant heroes/base classes,"attackResolved.hit=false, unless a specific successful auto-defense cue replaces it.",PUBLIC,"both, only for the visible/authorized effect"
SFX_DEATH,SFX/packages/web/src/assets/sfx/common/combat/death01.wav,packages/web/src/assets/sfx/common/combat/death01.wav,ce4dde9d82366bbf4f6d8994ccd03ab86f3d8063f5b97948c68c079b1d1096b6,ADDED,Shared,Shared across relevant heroes/base classes,unitDied for heroes without a suitable existing death recording and for base units; await pre-death choices; revival/transformation takes precedence.,PUBLIC,"both, only for the visible/authorized effect"
SFX_DEATH,SFX/packages/web/src/assets/sfx/common/combat/death02.wav,packages/web/src/assets/sfx/common/combat/death02.wav,920f123a005667a39e568709ba2ddb951abb71643ca1bc359aad4ef5cb9cd852,ADDED,Shared,Shared across relevant heroes/base classes,unitDied for heroes without a suitable existing death recording and for base units; await pre-death choices; revival/transformation takes precedence.,PUBLIC,"both, only for the visible/authorized effect"
SFX_HEAL,SFX/packages/web/src/assets/sfx/common/status/heal.wav,packages/web/src/assets/sfx/common/status/heal.wav,74dd7c8ae8f77ea7d20a326a5492db51625507aaa95f4cef9a367fa33367f606,ADDED,Shared,Shared across relevant heroes/base classes,"unitHealed.amount>0, including Kaladin First, Papyrus Spaghetti, Sans Sleep, Frisk Warm Words, Asgore Kindness and Kaneki Regeneration.",PUBLIC,"both, only for the visible/authorized effect"
SFX_AUTO_DEFENSE,SFX/packages/web/src/assets/sfx/common/combat/autoDefense.wav,packages/web/src/assets/sfx/common/combat/autoDefense.wav,d5555078d8f8efe29a68a220b4b041e5a12b7a45c44c7a91d9a1c6520d54d95f,ADDED,Shared,Shared across relevant heroes/base classes,abilityUsed abilityId=berserkAutoDefense or odinMuninn; berserkerDefenseChosen choice=auto can confirm intent. Only final successful defense.,PUBLIC,"both, only for the visible/authorized effect"
SFX_SPECIAL_ROLL,SFX/packages/web/src/assets/sfx/common/combat/specialRoll.wav,packages/web/src/assets/sfx/common/combat/specialRoll.wav,d190774ae260fd4c2bf36437350463de43fcc1f6080bdc37b04e00bab144c4af,ADDED,Shared,Shared across relevant heroes/base classes,"Optional resolved class-specific double: attackResolved.attackerRoll.isDouble for an applicable auto-hit trait, or defenderRoll.isDouble for applicable Spearman auto-dodge.",PUBLIC,both for a public resolved roll
SFX_MOVE,SFX/packages/web/src/assets/sfx/common/movement/move01.wav,packages/web/src/assets/sfx/common/movement/move01.wav,497a45e45ca29ef1922fc8e2ba5443ad3ceac554a4516c2f103bf27943598d1a,ADDED,Shared,Shared across relevant heroes/base classes,"Visible committed unitMoved for Knight, Spearman, Archer and normal Assassin movement.",PUBLIC,"both, only for the visible/authorized effect"
SFX_MOVE,SFX/packages/web/src/assets/sfx/common/movement/move02.wav,packages/web/src/assets/sfx/common/movement/move02.wav,358e706a3ac180aec9396294f9d86036dbec35f2ac98a0cad052c5ce9cbd47ad,ADDED,Shared,Shared across relevant heroes/base classes,"Visible committed unitMoved for Knight, Spearman, Archer and normal Assassin movement.",PUBLIC,"both, only for the visible/authorized effect"
SFX_MOVE,SFX/packages/web/src/assets/sfx/common/movement/move03.wav,packages/web/src/assets/sfx/common/movement/move03.wav,a9ff133498c333377c5320a4637f1e50cb2d90fa21fb6719d7a89dca323f20cc,ADDED,Shared,Shared across relevant heroes/base classes,"Visible committed unitMoved for Knight, Spearman, Archer and normal Assassin movement.",PUBLIC,"both, only for the visible/authorized effect"
SFX_MOVE,SFX/packages/web/src/assets/sfx/common/movement/move04.wav,packages/web/src/assets/sfx/common/movement/move04.wav,c5de80d21500b9fe09d58651d31c89a01f61158fdfe3f30dfcd702e7e461eb5c,ADDED,Shared,Shared across relevant heroes/base classes,"Visible committed unitMoved for Knight, Spearman, Archer and normal Assassin movement.",PUBLIC,"both, only for the visible/authorized effect"
SFX_RIDER_MOVE,SFX/packages/web/src/assets/sfx/common/movement/riderMove01.wav,packages/web/src/assets/sfx/common/movement/riderMove01.wav,615741a27f51addd7d8f06b284598d9ed338d6adb073ac271ecb406a75173680,ADDED,Shared,Shared across relevant heroes/base classes,"Visible unitMoved in Rider movement, including transformed heroes using that mode; riderPathAttack uses shared combat sounds.",PUBLIC,"both, only for the visible/authorized effect"
SFX_RIDER_MOVE,SFX/packages/web/src/assets/sfx/common/movement/riderMove02.wav,packages/web/src/assets/sfx/common/movement/riderMove02.wav,afee5ad5d3785f0c30a208f3979c215d6ca07ce7ef7bc54171a714f9c9cede74,ADDED,Shared,Shared across relevant heroes/base classes,"Visible unitMoved in Rider movement, including transformed heroes using that mode; riderPathAttack uses shared combat sounds.",PUBLIC,"both, only for the visible/authorized effect"
SFX_RIDER_MOVE,SFX/packages/web/src/assets/sfx/common/movement/riderMove03.wav,packages/web/src/assets/sfx/common/movement/riderMove03.wav,57a313718564fbd54d279a65a01526850785fee74d78ab5750120f112a1fe0c8,ADDED,Shared,Shared across relevant heroes/base classes,"Visible unitMoved in Rider movement, including transformed heroes using that mode; riderPathAttack uses shared combat sounds.",PUBLIC,"both, only for the visible/authorized effect"
SFX_HEAVY_MOVE,SFX/packages/web/src/assets/sfx/common/movement/heavyMove01.wav,packages/web/src/assets/sfx/common/movement/heavyMove01.wav,7c8601d36a1439a40e663c2a3c020d31813c4bf7dd1979e52c384596dc033e88,ADDED,Shared,Shared across relevant heroes/base classes,Visible Berserker-mode committed unitMoved; roll merely selects destinations and does not move the unit.,PUBLIC,"both, only for the visible/authorized effect"
SFX_HEAVY_MOVE,SFX/packages/web/src/assets/sfx/common/movement/heavyMove02.wav,packages/web/src/assets/sfx/common/movement/heavyMove02.wav,9a1f8c3937e48b5fc9543ddee772b48402037b2bc31ff40cb7c6e48d7cf4e883,ADDED,Shared,Shared across relevant heroes/base classes,Visible Berserker-mode committed unitMoved; roll merely selects destinations and does not move the unit.,PUBLIC,"both, only for the visible/authorized effect"
SFX_HEAVY_MOVE,SFX/packages/web/src/assets/sfx/common/movement/heavyMove03.wav,packages/web/src/assets/sfx/common/movement/heavyMove03.wav,885aedd35362d2bfe5ea8ee47624de4e95ef36df34f4aa1a0f0b2c74ce226fa1,ADDED,Shared,Shared across relevant heroes/base classes,Visible Berserker-mode committed unitMoved; roll merely selects destinations and does not move the unit.,PUBLIC,"both, only for the visible/authorized effect"
SFX_TELEPORT,SFX/packages/web/src/assets/sfx/common/movement/teleport01.wav,packages/web/src/assets/sfx/common/movement/teleport01.wav,998b6ef1953a3b3ee602ad29979c50b6641e30fe59ffc8994e769265ffd92810,ADDED,Shared,Shared across relevant heroes/base classes,"Visible completed Trickster-mode unitMoved; also Femto Divine Movement, Odin Sleipnir, Duolingo Push and Lechy relocation as shared fallback.",PUBLIC,"both, only for the visible/authorized effect"
SFX_TELEPORT,SFX/packages/web/src/assets/sfx/common/movement/teleport02.wav,packages/web/src/assets/sfx/common/movement/teleport02.wav,3c61d26c808313d90533c45e56c8a04e9065921f40af736e024c54f7048cd172,ADDED,Shared,Shared across relevant heroes/base classes,"Visible completed Trickster-mode unitMoved; also Femto Divine Movement, Odin Sleipnir, Duolingo Push and Lechy relocation as shared fallback.",PUBLIC,"both, only for the visible/authorized effect"
SFX_FORCED_MOVE,SFX/packages/web/src/assets/sfx/common/movement/forcedMove01.wav,packages/web/src/assets/sfx/common/movement/forcedMove01.wav,3bbe280651b56e113b43370eb68230dbecc7b1ead1050d726dc92da99ef97f9b,ADDED,Shared,Shared across relevant heroes/base classes,"Visible intimidateResolved or a known forced unitMoved, including Undyne Direction Shift, transport drops and Court/Moon displacement.",PUBLIC,"both, only for the visible/authorized effect"
SFX_FORCED_MOVE,SFX/packages/web/src/assets/sfx/common/movement/forcedMove02.wav,packages/web/src/assets/sfx/common/movement/forcedMove02.wav,b6252f2f1c011f628d131dbc7c01d565c795e5fd1521edc20172ff5cba48e25e,ADDED,Shared,Shared across relevant heroes/base classes,"Visible intimidateResolved or a known forced unitMoved, including Undyne Direction Shift, transport drops and Court/Moon displacement.",PUBLIC,"both, only for the visible/authorized effect"
SFX_STEALTH_ENTER,SFX/packages/web/src/assets/sfx/common/status/stealthEnter.wav,packages/web/src/assets/sfx/common/status/stealthEnter.wav,84fd816e23e498fc17312c8c7358c62d1c933076265a37a48eb060689fc4210a,ADDED,Shared,Shared across relevant heroes/base classes,Owner-projected stealthEntered.success=true; Decoy activation that sets isStealthed=true can share after commit.,OWNER ONLY,owner only
SFX_STEALTH_REVEAL,SFX/packages/web/src/assets/sfx/common/status/stealthReveal.wav,packages/web/src/assets/sfx/common/status/stealthReveal.wav,ae618d327497a3d6d45787985547ba4fd2be7f398a92ab0e5cc748b8ac6579f5,ADDED,Shared,Shared across relevant heroes/base classes,Projected stealthRevealed with authorized unitId; reason attack/search/timerExpired/aoeHit/forcedDisplacement/stakeTriggered as applicable.,PUBLIC AFTER REVEAL,owner and any recipient authorized to see this reveal
SFX_SEARCH,SFX/packages/web/src/assets/sfx/common/status/search.wav,packages/web/src/assets/sfx/common/status/search.wav,1597a73c2c5c2c3e6851471c63f13006d0b78037d12965321214cf18009d6b85,ADDED,Shared,Shared across relevant heroes/base classes,Local Search action/move request in BattleActionButtons after UI validation; public searchStealth can support a visible scan once resolved.,PUBLIC,acting player; opponent only for already-public Search action
SFX_STATUS_APPLIED,SFX/packages/web/src/assets/sfx/common/status/applied.wav,packages/web/src/assets/sfx/common/status/applied.wav,518d73d8872d8c42112193ca6c184120422e17cc61dd059dbcbcfbaf98aa01b1,ADDED,Shared,Shared across relevant heroes/base classes,Confirmed visible immobilization/Blind/movement lock; papyrusBoneApplied etc. when no specific cue replaces it.,PUBLIC,"both, only for the visible/authorized effect"
SFX_STATUS_TICK,SFX/packages/web/src/assets/sfx/common/status/damageTick01.wav,packages/web/src/assets/sfx/common/status/damageTick01.wav,1f5c20566cfe8b3e2f598a7a05752490db3303db4a862e42dd94d7f7aebf6454,ADDED,Shared,Shared across relevant heroes/base classes,"Visible non-attack HP loss from Guts Berserk drain, Immortal Undyne drain, bone punishment or other known hazard when no signature exists.",PUBLIC,"both, only for the visible/authorized effect"
SFX_STATUS_TICK,SFX/packages/web/src/assets/sfx/common/status/damageTick02.wav,packages/web/src/assets/sfx/common/status/damageTick02.wav,4b46838fadea8d509331810969382e0662dfe15eeede42567523993fff775444,ADDED,Shared,Shared across relevant heroes/base classes,"Visible non-attack HP loss from Guts Berserk drain, Immortal Undyne drain, bone punishment or other known hazard when no signature exists.",PUBLIC,"both, only for the visible/authorized effect"
SFX_STATUS_END,SFX/packages/web/src/assets/sfx/common/status/expired.wav,packages/web/src/assets/sfx/common/status/expired.wav,d1777bb437d23427d6412b3a2a3308eb9f032c0a1cbe3c6d2c82790925d165f7,ADDED,Shared,Shared across relevant heroes/base classes,Optional known visible root/Blind/chicken removal; expiration state transition only.,PUBLIC,"both, only for the visible/authorized effect"
SFX_CHARGE_READY,SFX/packages/web/src/assets/sfx/common/ui/chargeReady.wav,packages/web/src/assets/sfx/common/ui/chargeReady.wav,a4a855adeb07f6c86d1b27e306b4dadea3047d273840bc386f7abbff07bb690e,ADDED,Shared,Shared across relevant heroes/base classes,Optional owned ability availability false->true or a required charge threshold crossing on chargesUpdated; never each increment.,LOCAL UI ONLY,owner local UI only
SFX_TURN,SFX/packages/web/src/assets/sfx/common/ui/yourTurn.wav,packages/web/src/assets/sfx/common/ui/yourTurn.wav,c047138c409e1d2530400e7c3fe0bd4c9cc48fedd56356f2dea43933cae02d3e,ADDED,Shared,Shared across relevant heroes/base classes,"turnStarted.player equals the local player's PlayerId, or accepted unitStartTurn changes activeUnitId for an owned unit; one cue for the actual actionable turn.",LOCAL UI ONLY,local player whose turn it is
SFX_ROUND,SFX/packages/web/src/assets/sfx/common/ui/newRound.wav,packages/web/src/assets/sfx/common/ui/newRound.wav,23b2b7f3be6bc9b8448229ca251c2bf210f2f14870837450809cb62532b1de40,ADDED,Shared,Shared across relevant heroes/base classes,roundStarted.roundNumber increases; optional if it does not overlap yourTurn or rule resolution alert.,PUBLIC,both
SFX_PLACEMENT,SFX/packages/web/src/assets/sfx/common/ui/placement.wav,packages/web/src/assets/sfx/common/ui/placement.wav,4835164b8ac6618a2d487eece1eba391983dc67223abb8414b48013a99713bd7,ADDED,Shared,Shared across relevant heroes/base classes,placementStarted; reuse as one placement-phase entry cue after initiativeResolved. unitPlaced may share buttonClick instead.,PUBLIC,both
SFX_BATTLE,SFX/packages/web/src/assets/sfx/common/ui/battleStart.wav,packages/web/src/assets/sfx/common/ui/battleStart.wav,99c17c421deef7fc63f3761bbe3e1b8bc3b10f7677ac4714004ec6e053e183e0,ADDED,Shared,Shared across relevant heroes/base classes,battleStarted once; after mandatory private setup use decisionReady without retriggering battle fanfare.,PUBLIC,both
SFX_VICTORY,SFX/packages/web/src/assets/sfx/common/ui/victory.wav,packages/web/src/assets/sfx/common/ui/victory.wav,7666e292b0d1304aecf2f751a3e361e0bed5a14c148f4836beb30921c97aa7a9,ADDED,Shared,Shared across relevant heroes/base classes,gameEnded.winner equals local player; shares advantageWinTriggered/chess results after final game result.,LOCAL UI ONLY,local winner; spectators use neutral result or silence
SFX_DEFEAT,SFX/packages/web/src/assets/sfx/common/ui/defeat.wav,packages/web/src/assets/sfx/common/ui/defeat.wav,68a58b722b500c49615a853735fb1f6c978c024319d4761b77c15224c8a9b45a,ADDED,Shared,Shared across relevant heroes/base classes,"gameEnded.winner is opponent, once final outcome resolves.",LOCAL UI ONLY,local losing player
SFX_DRAW,SFX/packages/web/src/assets/sfx/common/ui/draw.wav,packages/web/src/assets/sfx/common/ui/draw.wav,1287f658fce6ec466a42d70a836a764167442067f459cc4bdd5e1ecc75424d5d,ADDED,Shared,Shared across relevant heroes/base classes,gameDraw / final drawn state after chessKingDeathResolved.draw=true.,PUBLIC,both
SFX_ROOM_READY,SFX/packages/web/src/assets/sfx/common/ui/roomReady.wav,packages/web/src/assets/sfx/common/ui/roomReady.wav,b16ad36679bc780ad903cfe9ca1e67cfc43c16025b2fa63b430476f3e665868f,ADDED,Shared,Shared across relevant heroes/base classes,"joinAck first successful join, or meta.ready false->true for either seat; reuse one light cue for Ready/room entry.",LOCAL UI ONLY,local UI for join; room participants for confirmed readiness
SFX_DISCONNECT,SFX/packages/web/src/assets/sfx/common/ui/connectionLost.wav,packages/web/src/assets/sfx/common/ui/connectionLost.wav,ffb32417718fb3b703c9e741ff17a1881d1a6d9c7d00177abdcbf1b1b8d2d73c,ADDED,Shared,Shared across relevant heroes/base classes,"store.connectionStatus connected->disconnected unexpectedly, or a roomState.meta.players seat changes to absent when opponent disconnect is surfaced.",LOCAL UI ONLY,local UI only
SFX_RECONNECT,SFX/packages/web/src/assets/sfx/common/ui/connectionRestored.wav,packages/web/src/assets/sfx/common/ui/connectionRestored.wav,13d305d5e6c9ed513d6caed13edc5f202f76629d522608fd0afc39e9585768ec,ADDED,Shared,Shared across relevant heroes/base classes,"Successful resumed joinAck / joined false->true after connection loss, after room state is restored.",LOCAL UI ONLY,local UI only
SFX_REACTION,SFX/packages/web/src/assets/sfx/common/combat/reactionAttack.wav,packages/web/src/assets/sfx/common/combat/reactionAttack.wav,48c3af971fcf99ceae923931b8d5dc4b4018fae96b855aba83e3b80aa0e4e8be,ADDED,Shared,Shared across relevant heroes/base classes,reactionChoiceResolved.choice=attack on a visible reactor; wait for its normal attackResolved for hit/miss. Reaction source genghis or tralala.,PUBLIC,"both, only for the visible/authorized effect"
SFX_GENERIC_ABILITY,SFX/packages/web/src/assets/sfx/common/combat/ability.wav,packages/web/src/assets/sfx/common/combat/ability.wav,13e46a72645dbba225e82e96d8ec29da5dfc3b3c055ab8e4cf0583771221c4ba,ADDED,Shared,Shared across relevant heroes/base classes,abilityUsed for visible committed ability without dedicated recording; never stat-only passives or private unprojected ability IDs.,PUBLIC,"both, only for the visible/authorized effect"
SFX_TRICKSTER_AOE,SFX/packages/web/src/assets/sfx/common/combat/tricksterAoE.wav,packages/web/src/assets/sfx/common/combat/tricksterAoE.wav,89535cf9d9bc998f1cc7366555780085bc5f10c45a627addb1326a346543f5a3,ADDED,Shared,Shared across relevant heroes/base classes,abilityUsed abilityId=tricksterAoE / committed Trickster attack flow; one pulse before shared-roll area attacks.,PUBLIC,"both, only for the visible/authorized effect"
SFX_RULE_EFFECT,SFX/packages/web/src/assets/sfx/common/combat/ruleEffect.wav,packages/web/src/assets/sfx/common/combat/ruleEffect.wav,40456961fb9479f5ce902772b24b1cf175534976d2431d06cd6d15d6d2b17982,ADDED,Shared,Shared across relevant heroes/base classes,Confirmed courtEffectApplied or nondamaging moonEffectApplied: a neutral public rule resolution accent; actual move/heal/status shares matching sound.,PUBLIC,"both, only for the visible/authorized effect"
SFX_MOON_METEOR,SFX/packages/web/src/assets/sfx/common/combat/moonMeteor.wav,packages/web/src/assets/sfx/common/combat/moonMeteor.wav,7fb9ee69b0d9f3ff323854d4ce681f0512e143c0cb8636e192c3a46201e7ae63,ADDED,Shared,Shared across relevant heroes/base classes,moonEffectApplied.effectId=meteorFall or crater at the public resolved effect area.,PUBLIC,"both, only for the visible/authorized effect"
SFX_KAISER_BUNKER_ENTER,SFX/packages/web/src/assets/sfx/heroes/grand-kaiser/abilities/kaiserBunkerEnter.wav,packages/web/src/assets/sfx/heroes/grand-kaiser/abilities/kaiserBunkerEnter.wav,d4992d39978616fb1022cbc4a83355fec17a67d9b4a53b08e4846c0e1800d624,ADDED,Grand Kaiser,kaiserBunker,bunkerEntered after successful enterBunker roll (4-6). Bunker stays visible and limits received hit damage.,PUBLIC,"both, only for the visible/authorized effect"
SFX_KAISER_BUNKER_EXIT,SFX/packages/web/src/assets/sfx/heroes/grand-kaiser/abilities/kaiserBunkerExit.wav,packages/web/src/assets/sfx/heroes/grand-kaiser/abilities/kaiserBunkerExit.wav,b5512809a77a60a2f86d5ae237159cdd65409c5e69419a681d1f2e949dbaa634,ADDED,Grand Kaiser,kaiserBunker,bunkerExited.reason=timerExpired or attacked; transformation opening is absorbed into existing EngineeringMiracle clip.,PUBLIC,"both, only for the visible/authorized effect"
SFX_KAISER_CARPET_LAUNCH,SFX/packages/web/src/assets/sfx/heroes/grand-kaiser/abilities/kaiserCarpetStrikeLaunch.wav,packages/web/src/assets/sfx/heroes/grand-kaiser/abilities/kaiserCarpetStrikeLaunch.wav,9f64d0d2e9178df5335e8d2d139efec0ded4d32e038061557048913320f71216,ADDED,Grand Kaiser,kaiserCarpetStrike,"carpetStrikeTriggered; randomly chosen area only becomes known at carpetStrikeCenter, not initial ability targeting.",PUBLIC,"both, only for the visible/authorized effect"
SFX_KAISER_CARPET_IMPACT,SFX/packages/web/src/assets/sfx/heroes/grand-kaiser/abilities/kaiserCarpetStrikeImpact.wav,packages/web/src/assets/sfx/heroes/grand-kaiser/abilities/kaiserCarpetStrikeImpact.wav,15275673cf7d415335897aaa76b570bd032aa5ed005ee9b09d479a6e710c2420,ADDED,Grand Kaiser,kaiserCarpetStrike,"After carpetStrikeAttackRolled, align a single area strike to resolved visual sequence / aoeResolved abilityId=kaiserCarpetStrike. Generic hit carries individual damage.",PUBLIC,"both, only for the visible/authorized effect"
SFX_VLAD_STARE,SFX/packages/web/src/assets/sfx/heroes/vladTepes/abilities/vladIntimidateActivate.wav,packages/web/src/assets/sfx/heroes/vladTepes/abilities/vladIntimidateActivate.wav,f1775e5954419a663902719752cb7890e46d6bbb3d50b6049cc5c4bed0a1eba1,ADDED,Vlad III Tepes,vladIntimidate,intimidateTriggered when Vlad owner receives push choice after successful defense. The actual shove is intimidateResolved.,OWNER ONLY,Vlad owner only; shared forcedMove covers the later visible result
SFX_VLAD_STAKE_PLACE,SFX/packages/web/src/assets/sfx/heroes/vladTepes/abilities/vladStakesPlace01.wav,packages/web/src/assets/sfx/heroes/vladTepes/abilities/vladStakesPlace01.wav,5545e72bff94aed545c6a796e88c34eba1e8c7f616cbb9d5bcdf82257385ac41,ADDED,Vlad III Tepes,vladStakes,"Owner-projected stakesPlaced after accepted placeStakes choice in vladPlaceStakes, not during preview.",OWNER ONLY,acting owner only
SFX_VLAD_STAKE_PLACE,SFX/packages/web/src/assets/sfx/heroes/vladTepes/abilities/vladStakesPlace02.wav,packages/web/src/assets/sfx/heroes/vladTepes/abilities/vladStakesPlace02.wav,49b75366dcdf89574eecc488d5cd7ed3fb674b2c97c7768b0350bfeef253edcf,ADDED,Vlad III Tepes,vladStakes,"Owner-projected stakesPlaced after accepted placeStakes choice in vladPlaceStakes, not during preview.",OWNER ONLY,acting owner only
SFX_VLAD_STAKE_PLACE,SFX/packages/web/src/assets/sfx/heroes/vladTepes/abilities/vladStakesPlace03.wav,packages/web/src/assets/sfx/heroes/vladTepes/abilities/vladStakesPlace03.wav,8d35b13ea8b80453ee004bba02c1a79a5e218ab592a44cb3851481fed9c5deea,ADDED,Vlad III Tepes,vladStakes,"Owner-projected stakesPlaced after accepted placeStakes choice in vladPlaceStakes, not during preview.",OWNER ONLY,acting owner only
SFX_VLAD_STAKE_TRIGGER,SFX/packages/web/src/assets/sfx/heroes/vladTepes/abilities/vladStakesTrigger01.wav,packages/web/src/assets/sfx/heroes/vladTepes/abilities/vladStakesTrigger01.wav,8a16808d4de5174884a3f1dce05db884c8b5a828c55d8781dc8befc3083cfe6b,ADDED,Vlad III Tepes,vladStakes,"stakeTriggered; all stakes on markerPos reveal together, deal ONE damage and stop ordinary movement; landing trigger stopped=false.",PUBLIC AFTER REVEAL,both for the public trigger; no extra hidden-unit localization
SFX_VLAD_STAKE_TRIGGER,SFX/packages/web/src/assets/sfx/heroes/vladTepes/abilities/vladStakesTrigger02.wav,packages/web/src/assets/sfx/heroes/vladTepes/abilities/vladStakesTrigger02.wav,082d52e1b0e47d1eeb4aeb3d73b7ef25c01226dfb9066805c206358305d4db40,ADDED,Vlad III Tepes,vladStakes,"stakeTriggered; all stakes on markerPos reveal together, deal ONE damage and stop ordinary movement; landing trigger stopped=false.",PUBLIC AFTER REVEAL,both for the public trigger; no extra hidden-unit localization
SFX_VLAD_STAKE_TRIGGER,SFX/packages/web/src/assets/sfx/heroes/vladTepes/abilities/vladStakesTrigger03.wav,packages/web/src/assets/sfx/heroes/vladTepes/abilities/vladStakesTrigger03.wav,49289ce128e5168ae6ec25f3852d3f254041815295c839763798602ac73c860f,ADDED,Vlad III Tepes,vladStakes,"stakeTriggered; all stakes on markerPos reveal together, deal ONE damage and stop ordinary movement; landing trigger stopped=false.",PUBLIC AFTER REVEAL,both for the public trigger; no extra hidden-unit localization
SFX_VLAD_FOREST,SFX/packages/web/src/assets/sfx/heroes/vladTepes/abilities/vladForestCast.wav,packages/web/src/assets/sfx/heroes/vladTepes/abilities/vladForestCast.wav,dcfbfd1209f6fc4dcdaeb568a20d2accf86ac9059d7d5274b9527b8f7065f79d,ADDED,Vlad III Tepes,vladForest,"forestActivated consumes nine oldest stakes; pending vladForestTarget selects 3x3 area, vladForest_attackerRoll and defenses resolve 2-damage/root effect.",PUBLIC,"both, only for the visible/authorized effect"
SFX_SANS_BLASTER_CHARGE,SFX/packages/web/src/assets/sfx/heroes/sans/abilities/sansGasterBlasterCharge.wav,packages/web/src/assets/sfx/heroes/sans/abilities/sansGasterBlasterCharge.wav,d3b9e477a7858df4db647fc58e68461db1e2cbea92fcb5828fa222cbcf1bdd49,ADDED,Sans,sansGasterBlaster,"Optional start of the confirmed Gaster Blaster visual animation, after abilityUsed sansGasterBlaster; immediately precede fire.",PUBLIC,"both, only for the visible/authorized effect"
SFX_SANS_BLASTER_FIRE,SFX/packages/web/src/assets/sfx/heroes/sans/abilities/sansGasterBlasterFire.wav,packages/web/src/assets/sfx/heroes/sans/abilities/sansGasterBlasterFire.wav,c0f7bd54441d018652420014f66ab19e124b77d7cdde075c1f428211bbe65871,ADDED,Sans,sansGasterBlaster,abilityUsed sansGasterBlaster once its Archer ray is committed; queued attackResolved events determine each enemy result.,PUBLIC,"both, only for the visible/authorized effect"
SFX_SANS_JOKE,SFX/packages/web/src/assets/sfx/heroes/sans/abilities/sansBadassJokeCast.wav,packages/web/src/assets/sfx/heroes/sans/abilities/sansBadassJokeCast.wav,ce07ccd5ad708dff4c1304bbec1c10217f25e765bcb19bafafcf3b2ef6fc09a7,ADDED,Sans,sansBadassJoke,abilityUsed sansBadassJoke; hits in radius-two Trickster area may arm next-turn movement denial via sansBadassJokeApplied.,PUBLIC,"both, only for the visible/authorized effect"
SFX_SANS_BONE_FIELD,SFX/packages/web/src/assets/sfx/heroes/sans/abilities/sansBoneFieldActivate.wav,packages/web/src/assets/sfx/heroes/sans/abilities/sansBoneFieldActivate.wav,a4f1795d32bd1e055767423b6c5d92761ba3f6e494aade237cf6b9aa1e2bba6b,ADDED,Sans,sansBoneField,sansBoneFieldActivated after Unbeliever; arena becomes Bone Field for random 1d6+1 turn duration.,PUBLIC,"both, only for the visible/authorized effect"
SFX_SANS_CURSE_APPLY,SFX/packages/web/src/assets/sfx/heroes/sans/abilities/sansLastAttackApply.wav,packages/web/src/assets/sfx/heroes/sans/abilities/sansLastAttackApply.wav,4ea39c3fadc1328da00e97e140834ef71e7039df612531c2f5177a3620287295,ADDED,Sans,sansLastAttack,"sansLastAttackApplied after owner confirms sansLastAttackTarget in selectLastAttackTarget, before unitDied.",PUBLIC,"Sans owner; target owner; opponent only to extent curse is public, without hidden localization"
SFX_SANS_CURSE_TICK,SFX/packages/web/src/assets/sfx/heroes/sans/abilities/sansLastAttackTick01.wav,packages/web/src/assets/sfx/heroes/sans/abilities/sansLastAttackTick01.wav,7b81da32e95df481719e9c6c2eed8aeec7f5a5fce9bbc23e581c0f18fa430741,ADDED,Sans,sansLastAttack,"sansLastAttackTick.damage>0 at start of cursed target own turn; exactly 1 damage, never below 1 HP.",PUBLIC,target owner and authorized public listeners; hidden targets receive private/nonpositional feedback
SFX_SANS_CURSE_TICK,SFX/packages/web/src/assets/sfx/heroes/sans/abilities/sansLastAttackTick02.wav,packages/web/src/assets/sfx/heroes/sans/abilities/sansLastAttackTick02.wav,dca7b5f4f0371ea6131a76bf8f438bf1c47e892961bfa23c3bfc125c1bd786e3,ADDED,Sans,sansLastAttack,"sansLastAttackTick.damage>0 at start of cursed target own turn; exactly 1 damage, never below 1 HP.",PUBLIC,target owner and authorized public listeners; hidden targets receive private/nonpositional feedback
SFX_SANS_CURSE_END,SFX/packages/web/src/assets/sfx/heroes/sans/abilities/sansLastAttackExpire.wav,packages/web/src/assets/sfx/heroes/sans/abilities/sansLastAttackExpire.wav,b678f1d6bfe6ebc57be195f35b7ce984f2640acf859fe5504f7e9af73d3229be,ADDED,Sans,sansLastAttack,sansLastAttackRemoved.reason=hpOne after target reaches 1 HP; reason=targetDead can remain silent under death.,PUBLIC,target owner; public listeners only when outcome is authorized
SFX_ASGORE_FIREBALL_CAST,SFX/packages/web/src/assets/sfx/heroes/asgore/abilities/asgoreFireballCast.wav,packages/web/src/assets/sfx/heroes/asgore/abilities/asgoreFireballCast.wav,4b28b745c199e8e7530afba6b08a738b8dd34e066969adc2cb3c607d43345da5,ADDED,Asgore Dreemurr,asgoreFireball,abilityUsed asgoreFireball after legal target/cost commitment; attack_attackerRoll follows.,PUBLIC,"both, only for the visible/authorized effect"
SFX_ASGORE_FIREBALL_IMPACT,SFX/packages/web/src/assets/sfx/heroes/asgore/abilities/asgoreFireballImpact01.wav,packages/web/src/assets/sfx/heroes/asgore/abilities/asgoreFireballImpact01.wav,0cc73077bbc9b2375b58acc3521dd2e612df02cd38624bcf9a1e960b66c937d0,ADDED,Asgore Dreemurr,asgoreFireball,Correlated attackResolved.hit=true AND damage>0 for Fireball; reuse for successful Fire Parade damage. attackResolved has no abilityId; preserve accepted ability/combat-chain context.,PUBLIC,"both, only for the visible/authorized effect"
SFX_ASGORE_FIREBALL_IMPACT,SFX/packages/web/src/assets/sfx/heroes/asgore/abilities/asgoreFireballImpact02.wav,packages/web/src/assets/sfx/heroes/asgore/abilities/asgoreFireballImpact02.wav,f683b8d439e88c19114c41d66e24191767f806e1bba21642e58c1194d3e4e021,ADDED,Asgore Dreemurr,asgoreFireball,Correlated attackResolved.hit=true AND damage>0 for Fireball; reuse for successful Fire Parade damage. attackResolved has no abilityId; preserve accepted ability/combat-chain context.,PUBLIC,"both, only for the visible/authorized effect"
SFX_ASGORE_FIREBALL_TRAVEL,SFX/packages/web/src/assets/sfx/heroes/asgore/abilities/asgoreFireballTravel.wav,packages/web/src/assets/sfx/heroes/asgore/abilities/asgoreFireballTravel.wav,17c4c6b031ff63fedd2e7b009a4ed778d0bc4b16ee34ba5aa6f967fe8a197f98,ADDED,Asgore Dreemurr,asgoreFireball,Optional timed projectile visual after committed cast and before resolved contact.,PUBLIC,"both, only for the visible/authorized effect"
SFX_ASGORE_FIRE_PARADE,SFX/packages/web/src/assets/sfx/heroes/asgore/abilities/asgoreFireParadeCast.wav,packages/web/src/assets/sfx/heroes/asgore/abilities/asgoreFireParadeCast.wav,e840a2852347f009a60de010b7976f11f37c876e95489dff24108ea387d2f382,ADDED,Asgore Dreemurr,asgoreFireParade,"abilityUsed asgoreFireParade; shared attacker roll attacks all other units in radius two, including allies.",PUBLIC,"both, only for the visible/authorized effect"
SFX_ASGORE_SOUL_PARADE,SFX/packages/web/src/assets/sfx/heroes/asgore/abilities/asgoreSoulParadeReveal.wav,packages/web/src/assets/sfx/heroes/asgore/abilities/asgoreSoulParadeReveal.wav,b7995db266387cdb87dcd5c09f7bf3c15e6dd9f6d9cab34bc093009e9695a3bd,ADDED,Asgore Dreemurr,asgoreSoulParade,"asgoreSoulParadeResolved when start-turn 1d6 reveals a soul outcome; cast once, actual effect sounds follow later.",PUBLIC,"both, only for the visible/authorized effect"
SFX_JACK_SNARE_PLACE,SFX/packages/web/src/assets/sfx/heroes/jackRipper/abilities/jackRipperSnaresPlace01.wav,packages/web/src/assets/sfx/heroes/jackRipper/abilities/jackRipperSnaresPlace01.wav,ca4436d42c928499c5256f11cbd9122f0f28884e49e7b5ec6d1898d74cb6841e,ADDED,Jack the Ripper,jackRipperSnares,Owner-visible abilityUsed jackRipperSnares plus accepted new jackTraps marker after chargedImpulseTargetChoice.,OWNER ONLY,owner only
SFX_JACK_SNARE_PLACE,SFX/packages/web/src/assets/sfx/heroes/jackRipper/abilities/jackRipperSnaresPlace02.wav,packages/web/src/assets/sfx/heroes/jackRipper/abilities/jackRipperSnaresPlace02.wav,99b640382c78d46490c0c2f855c19fa932fc4eb8e32bfcb0150a3625779c815a,ADDED,Jack the Ripper,jackRipperSnares,Owner-visible abilityUsed jackRipperSnares plus accepted new jackTraps marker after chargedImpulseTargetChoice.,OWNER ONLY,owner only
SFX_JACK_SNARE_PLACE,SFX/packages/web/src/assets/sfx/heroes/jackRipper/abilities/jackRipperSnaresPlace03.wav,packages/web/src/assets/sfx/heroes/jackRipper/abilities/jackRipperSnaresPlace03.wav,ab2580de50b17c04f3dbd901a42eab792c76486f6ce720bc06f6af824fe24997,ADDED,Jack the Ripper,jackRipperSnares,Owner-visible abilityUsed jackRipperSnares plus accepted new jackTraps marker after chargedImpulseTargetChoice.,OWNER ONLY,owner only
SFX_JACK_SNARE_TRIGGER,SFX/packages/web/src/assets/sfx/heroes/jackRipper/abilities/jackRipperSnaresTrigger01.wav,packages/web/src/assets/sfx/heroes/jackRipper/abilities/jackRipperSnaresTrigger01.wav,5834fd167448c58edeee5f6a0c1a2a71e735a23f9ed97273db1e63c8e655e52c,ADDED,Jack the Ripper,jackRipperSnares,Confirmed jackTraps marker isRevealed false->true and trappedUnitId assigned after unitMoved; immobilizedUntilOwnTurnStart becomes true.,PUBLIC AFTER REVEAL,owner and affected player; opponent only for a publicly visible triggered marker
SFX_JACK_SNARE_TRIGGER,SFX/packages/web/src/assets/sfx/heroes/jackRipper/abilities/jackRipperSnaresTrigger02.wav,packages/web/src/assets/sfx/heroes/jackRipper/abilities/jackRipperSnaresTrigger02.wav,1f63e20c29b1bc945a78a1d01c19c0d62bef76e62ce8e503564fcbb5ced779ba,ADDED,Jack the Ripper,jackRipperSnares,Confirmed jackTraps marker isRevealed false->true and trappedUnitId assigned after unitMoved; immobilizedUntilOwnTurnStart becomes true.,PUBLIC AFTER REVEAL,owner and affected player; opponent only for a publicly visible triggered marker
SFX_JACK_SNARE_TRIGGER,SFX/packages/web/src/assets/sfx/heroes/jackRipper/abilities/jackRipperSnaresTrigger03.wav,packages/web/src/assets/sfx/heroes/jackRipper/abilities/jackRipperSnaresTrigger03.wav,7cfccdd39e621f08cc1183049d5b9c11319bb6a5a2f81618d29d7f98a82dd12c,ADDED,Jack the Ripper,jackRipperSnares,Confirmed jackTraps marker isRevealed false->true and trappedUnitId assigned after unitMoved; immobilizedUntilOwnTurnStart becomes true.,PUBLIC AFTER REVEAL,owner and affected player; opponent only for a publicly visible triggered marker
SFX_JACK_SNARE_EXPLODE,SFX/packages/web/src/assets/sfx/heroes/jackRipper/abilities/jackRipperCoveringTracksExplode01.wav,packages/web/src/assets/sfx/heroes/jackRipper/abilities/jackRipperCoveringTracksExplode01.wav,a821b3eeb30534571b77814df3b64d18e73af4a28976265e32df07a3e90d3de5,ADDED,Jack the Ripper,jackRipperCoveringTracks,aoeResolved abilityId=jackRipperCoveringTracks after accepted selection when a sixth trap replaces one of five existing traps.,PUBLIC,"both, only for the visible/authorized effect"
SFX_JACK_SNARE_EXPLODE,SFX/packages/web/src/assets/sfx/heroes/jackRipper/abilities/jackRipperCoveringTracksExplode02.wav,packages/web/src/assets/sfx/heroes/jackRipper/abilities/jackRipperCoveringTracksExplode02.wav,8d304779403ec2efe8824bd1fa325e6e971edd0a39e7f5e76a112108d13cc3e9,ADDED,Jack the Ripper,jackRipperCoveringTracks,aoeResolved abilityId=jackRipperCoveringTracks after accepted selection when a sixth trap replaces one of five existing traps.,PUBLIC,"both, only for the visible/authorized effect"
SFX_HASSAN_ORDER,SFX/packages/web/src/assets/sfx/heroes/hassan/phantasms/hassanAssasinOrderGrant.wav,packages/web/src/assets/sfx/heroes/hassan/phantasms/hassanAssasinOrderGrant.wav,bf65f18d17d0e0b30908370f5d72e27c6b985af8a47bb1144c59d2a74402b2cc,ADDED,Hassan-i Sabbah,hassanAssasinOrder,"Accepted hassanAssassinOrderPick selects two allies at battle setup; they gain stealth threshold 5-6, not instant invisibility.",OWNER ONLY,Hassan owner only
SFX_GENGHIS_DECREE,SFX/packages/web/src/assets/sfx/heroes/genghisKhan/abilities/genghisKhanKhansDecreeActivate.wav,packages/web/src/assets/sfx/heroes/genghisKhan/abilities/genghisKhanKhansDecreeActivate.wav,f5678f13eb1d5d48dfefad0b809722c3770ba78436e21bb0567c9f0032b937c6,ADDED,Genghis Khan,genghisKhanKhansDecree,abilityUsed genghisKhanKhansDecree grants diagonal movement and requests destinations; movement occurs later.,PUBLIC,"both, only for the visible/authorized effect"
SFX_GENGHIS_CHARGE,SFX/packages/web/src/assets/sfx/heroes/genghisKhan/phantasms/genghisKhanMongolChargeActivate.wav,packages/web/src/assets/sfx/heroes/genghisKhan/phantasms/genghisKhanMongolChargeActivate.wav,5ada8dc388ce0c56d79d59dcfd0ae4dd2d311e4229c460420ca9cb9ecb2dbbaa,ADDED,Genghis Khan,genghisKhanMongolCharge,abilityUsed genghisKhanMongolCharge commits a straight charge; reached corridor allies receive reactionOpportunity / reactionChoice.,PUBLIC,"both, only for the visible/authorized effect"
SFX_GUTS_CROSSBOW,SFX/packages/web/src/assets/sfx/heroes/guts/abilities/gutsArbaletFire.wav,packages/web/src/assets/sfx/heroes/guts/abilities/gutsArbaletFire.wav,95c74537961cb134a359b83dd7cde60485dc20f6d3a3abef49c8cf18b75de3b4,ADDED,Guts,gutsArbalet,abilityUsed gutsArbalet after legal ranged attack commitment; exactly one damage on successful hit.,PUBLIC,"both, only for the visible/authorized effect"
SFX_GUTS_CANNON,SFX/packages/web/src/assets/sfx/heroes/guts/abilities/gutsCannonFire.wav,packages/web/src/assets/sfx/heroes/guts/abilities/gutsCannonFire.wav,69d07fb014e12f55424591bb07f003c5358af188827a2ee8ea4004a5ae075ba6,ADDED,Guts,gutsCannon,abilityUsed gutsCannon commits ranged shot; normal attack damage resolves afterward.,PUBLIC,"both, only for the visible/authorized effect"
SFX_GUTS_BERSERK,SFX/packages/web/src/assets/sfx/heroes/guts/phantasms/gutsBerserkModeActivate.wav,packages/web/src/assets/sfx/heroes/guts/phantasms/gutsBerserkModeActivate.wav,c5198d345769159344367325bc8deab2243a92b7a7080054d828787fdbd156f9,ADDED,Guts,gutsBerserkMode,abilityUsed gutsBerserkMode and gutsBerserkModeActive false->true; three charges; mode grants melee changes and end-turn HP drain.,PUBLIC,"both, only for the visible/authorized effect"
SFX_GUTS_BERSERK_EXIT,SFX/packages/web/src/assets/sfx/heroes/guts/abilities/gutsExitBerserkRelease.wav,packages/web/src/assets/sfx/heroes/guts/abilities/gutsExitBerserkRelease.wav,6b0a438ec6882b660b4133b39ac571ea0012ff06c8b57c9349a0494f59408776,ADDED,Guts,gutsExitBerserk,abilityUsed gutsExitBerserk; once-per-game voluntary mode exit.,PUBLIC,"both, only for the visible/authorized effect"
SFX_GUTS_SWEEP,SFX/packages/web/src/assets/sfx/heroes/guts/phantasms/gutsBerserkModeSweep.wav,packages/web/src/assets/sfx/heroes/guts/phantasms/gutsBerserkModeSweep.wav,9f0ea892ba7df7ce94d95000e880e13a351ae53a658daad975c5ea16011ffc73,ADDED,Guts,gutsBerserkMode,Committed Berserk AoE attack mode in gutsBerserkAttackChoice; shared attack roll / aoeResolved abilityId=gutsBerserkMode.,PUBLIC,"both, only for the visible/authorized effect"
SFX_GRIFFITH_REBIRTH,SFX/packages/web/src/assets/sfx/heroes/griffith/transformations/griffithFemtoRebirthTransform.wav,packages/web/src/assets/sfx/heroes/griffith/transformations/griffithFemtoRebirthTransform.wav,e4baf1445d04d935ea5758ea3fd57cabc16a4c7c07d88c4a15326b0a89d2b317,ADDED,Griffith,griffithFemtoRebirth,"unitTransformed.reason=griffithFemtoRebirth, fromHeroId=griffith toHeroId=femto; resurrection at same cell.",PUBLIC,"both, only for the visible/authorized effect"
SFX_ODIN_SLEIPNIR,SFX/packages/web/src/assets/sfx/heroes/odin/abilities/odinSleipnirTeleport.wav,packages/web/src/assets/sfx/heroes/odin/abilities/odinSleipnirTeleport.wav,1155af4c254f75b0560b66d70f60eadcf1465ded379f65499d7a7294f87395d4,ADDED,Odin,odinSleipnir,abilityUsed odinSleipnir followed by unitMoved after choosing any empty cell at three charges.,PUBLIC,"both, only for the visible/authorized effect"
SFX_LOKI_ENTANGLE,SFX/packages/web/src/assets/sfx/heroes/loki/phantasms/lokiLaughtEntangle.wav,packages/web/src/assets/sfx/heroes/loki/phantasms/lokiLaughtEntangle.wav,4488a521910f1c3ba21e79b3a4c49c390543b3f03af308f1ef9a99fbb5d9e3d9,ADDED,Loki,lokiLaught,"Option againSomeNonsense, committed laugh spend and zero-damage AoE with lokiStatusOnHit=entangled; roots only after defense fails.",OWNER ONLY,owner for hidden cast; affected owner for known root; both only for authorized visible effect
SFX_LOKI_CHICKEN,SFX/packages/web/src/assets/sfx/heroes/loki/phantasms/lokiLaughtChicken.wav,packages/web/src/assets/sfx/heroes/loki/phantasms/lokiLaughtChicken.wav,308539b1dfd17ccee039064e8ba7237e6a9bb6fa91dfde60a1055fca4035abc4,ADDED,Loki,lokiLaught,lokiChickenApplied or lokiChickenGroupApplied after option chicken or greatLokiJoke actually applies.,PUBLIC,"both, only for the visible/authorized effect"
SFX_LOKI_SPIN,SFX/packages/web/src/assets/sfx/heroes/loki/phantasms/lokiLaughtSpin.wav,packages/web/src/assets/sfx/heroes/loki/phantasms/lokiLaughtSpin.wav,f47abd761f5f1256baf48047a79f45a4584daf0fbb4dbfd24b2b5a32fac27fb7,ADDED,Loki,lokiLaught,"Committed spinTheDrum laugh spending, then randomized unit/ability selection and actual copied ability activation.",OWNER ONLY,owner until selected unit/effect is public
SFX_JEBE_HAIL,SFX/packages/web/src/assets/sfx/heroes/jebe/abilities/jebeHailOfArrowsFire.wav,packages/web/src/assets/sfx/heroes/jebe/abilities/jebeHailOfArrowsFire.wav,97ba61da0bf89b0c8cbc8e3c6ec5632caeb8dade2fba81b3055c0e4e47ce37d0,ADDED,Jebe,jebeHailOfArrows,abilityUsed jebeHailOfArrows on committed 3x3 attack area; jebeHailOfArrows_attackerRoll follows.,PUBLIC,"both, only for the visible/authorized effect"
SFX_JEBE_RICOCHET,SFX/packages/web/src/assets/sfx/heroes/jebe/phantasms/jebeKhansShooterFire01.wav,packages/web/src/assets/sfx/heroes/jebe/phantasms/jebeKhansShooterFire01.wav,213da48f02f6cb2a5653677e30f973eb6893bdadf533d4c29b556e2f2171e46e,ADDED,Jebe,jebeKhansShooter,abilityUsed jebeKhansShooter once; 1d6 establishes ricochets and jebeKhansShooterTargetChoice selects each legal continuation.,PUBLIC,"both, only for the visible/authorized effect"
SFX_JEBE_RICOCHET,SFX/packages/web/src/assets/sfx/heroes/jebe/phantasms/jebeKhansShooterFire02.wav,packages/web/src/assets/sfx/heroes/jebe/phantasms/jebeKhansShooterFire02.wav,e307107848a0bd559872976e1c93c148e599983bdff0dbb9e9a0ee370480fb3a,ADDED,Jebe,jebeKhansShooter,abilityUsed jebeKhansShooter once; 1d6 establishes ricochets and jebeKhansShooterTargetChoice selects each legal continuation.,PUBLIC,"both, only for the visible/authorized effect"
SFX_KALADIN_FIFTH,SFX/packages/web/src/assets/sfx/heroes/kaladin/phantasms/kaladinFifthCast.wav,packages/web/src/assets/sfx/heroes/kaladin/phantasms/kaladinFifthCast.wav,fa4399f6e7a88eeca1f99aa8aae9a32966f2eeabe5b3a9a3885c2550ca3229bf,ADDED,Kaladin Stormblessed,kaladinFifth,abilityUsed kaladinFifth commits radius-two 5x5 AoE; two damage and immobilization on failed defense until next caster turn.,PUBLIC,"both, only for the visible/authorized effect"
SFX_ELCID_TISONA,SFX/packages/web/src/assets/sfx/heroes/elCidCompeador/abilities/elCidCompeadorTisonaSweep.wav,packages/web/src/assets/sfx/heroes/elCidCompeador/abilities/elCidCompeadorTisonaSweep.wav,2d13f816b032abca3c6be6d90ebce2d689aa079978240c00957ae5145f10107e,ADDED,El Cid Compeador,elCidCompeadorTisona,abilityUsed elCidCompeadorTisona on orthogonal straight-line attack commitment.,PUBLIC,"both, only for the visible/authorized effect"
SFX_ELCID_KOLADA,SFX/packages/web/src/assets/sfx/heroes/elCidCompeador/abilities/elCidCompeadorKoladaSweep.wav,packages/web/src/assets/sfx/heroes/elCidCompeador/abilities/elCidCompeadorKoladaSweep.wav,1b9daf4d9fdeba22029da851b7b23e2829e0476653ea8b97655096770a4993ea,ADDED,El Cid Compeador,elCidCompeadorKolada,"abilityUsed elCidCompeadorKolada as charged start-turn impulse, attacking units within one cell.",PUBLIC,"both, only for the visible/authorized effect"
SFX_ELCID_DUELIST,SFX/packages/web/src/assets/sfx/heroes/elCidCompeador/phantasms/elCidCompeadorDemonDuelistActivate.wav,packages/web/src/assets/sfx/heroes/elCidCompeador/phantasms/elCidCompeadorDemonDuelistActivate.wav,a691ea4fbf6deff5437f5f83d78d9a77012934055a198173ac9fa7bfe9d2a428,ADDED,El Cid Compeador,elCidCompeadorDemonDuelist,"abilityUsed elCidCompeadorDemonDuelist starts single-enemy duel; successful hits continue, failed attack offers HP payment.",PUBLIC,"both, only for the visible/authorized effect"
SFX_GROZNY_INVADE,SFX/packages/web/src/assets/sfx/heroes/grozny/abilities/groznyInvadeTimeTeleport.wav,packages/web/src/assets/sfx/heroes/grozny/abilities/groznyInvadeTimeTeleport.wav,a518235a4f7479caa42e10115d81d3fdc4977c411fbce075f5342644245603be,ADDED,Ivan Grozny,groznyInvadeTime,abilityUsed groznyInvadeTime then actual unitMoved to any free board cell.,PUBLIC,"both, only for the visible/authorized effect"
SFX_GROZNY_TYRANT,SFX/packages/web/src/assets/sfx/heroes/grozny/abilities/groznyTyrantActivate.wav,packages/web/src/assets/sfx/heroes/grozny/abilities/groznyTyrantActivate.wav,1499a6f6b0bae5a96fe181060156dcbda3f2022e037ef1f50f8caa824c8be363,ADDED,Ivan Grozny,groznyTyrant,abilityUsed groznyTyrant when a chosen weak ally execution attempt commits; groznyTyrantOptionChoice/AllyChoice/AttackCellChoice are only private selection stages.,PUBLIC,"both, only for the visible/authorized effect"
SFX_FRISK_HUGS,SFX/packages/web/src/assets/sfx/heroes/frisk/phantasms/friskPacifismHugs.wav,packages/web/src/assets/sfx/heroes/frisk/phantasms/friskPacifismHugs.wav,dd54f1fc44f85fb9fd2b8b6b0c9ce8626f64f2fe8b0250894b728efba469289f,ADDED,Frisk,friskPacifism,friskHugsApplied after confirmed hugs target and Pacifism spend; movement-denial effect without revealing caster stealth.,PUBLIC,owner and recipients of authorized effect only
SFX_FRISK_PRECISION,SFX/packages/web/src/assets/sfx/heroes/frisk/phantasms/friskGenocidePrecisionStrike.wav,packages/web/src/assets/sfx/heroes/frisk/phantasms/friskGenocidePrecisionStrike.wav,ae7aeccb70ffa28994147117e2a8e962f9a570da02ccd1a7627fab4defe241d1,ADDED,Frisk,friskGenocide,Confirmed precisionStrike target commits its special attack through friskPrecisionStrikeTargetChoice.,PUBLIC,"both, only for the visible/authorized effect"
SFX_SUBSTITUTION,SFX/packages/web/src/assets/sfx/common/status/substitution.wav,packages/web/src/assets/sfx/common/status/substitution.wav,977bd6ac4b01526c17f6a0eeaaf387d5b14991673b2f2cdd757a2a6518f38f7f,ADDED,Shared,Shared across relevant heroes/base classes,"Confirmed chikatiloDecoyChoice or friskSubstitutionChoice defensive substitution; costs spent, defensive result resolves.",PUBLIC,"both, only for the visible/authorized effect"
SFX_FRISK_ONE_PATH,SFX/packages/web/src/assets/sfx/heroes/frisk/phantasms/friskOnePathUnlock.wav,packages/web/src/assets/sfx/heroes/frisk/phantasms/friskOnePathUnlock.wav,b4d59674706973a6583cd15a379116ede45e3bf3265ecd93c05fba7fe4d4cbfc,ADDED,Frisk,friskOnePath,friskPacifismDisabled false->true after Frisk kill converts all Pacifism into Genocide.,OWNER ONLY,Frisk owner only unless transition is publicly exposed
SFX_PAPYRUS_BLUE,SFX/packages/web/src/assets/sfx/heroes/papyrus/abilities/papyrusBlueBoneApply.wav,packages/web/src/assets/sfx/heroes/papyrus/abilities/papyrusBlueBoneApply.wav,065e1986aa7b56971fb38b3e778caf2a9d9a395cb07def3f8cb0073c66a45075,ADDED,Papyrus,papyrusBlueBone,papyrusBoneApplied boneType=blue; also sansBoneFieldApplied blue for owned active unit.,PUBLIC,"both, only for the visible/authorized effect"
SFX_PAPYRUS_ORANGE,SFX/packages/web/src/assets/sfx/heroes/papyrus/abilities/papyrusOrangeBoneApply.wav,packages/web/src/assets/sfx/heroes/papyrus/abilities/papyrusOrangeBoneApply.wav,9b17b3ef7f103ce069dcb502ff72a38f7bc7910984325f1f6a121c455c2950e4,ADDED,Papyrus,papyrusOrangeBone,papyrusBoneApplied boneType=orange after Unbeliever choice; shares sansBoneFieldApplied orange.,PUBLIC,"both, only for the visible/authorized effect"
SFX_BONE_PUNISH,SFX/packages/web/src/assets/sfx/common/status/bonePunish01.wav,packages/web/src/assets/sfx/common/status/bonePunish01.wav,de0c79949fed91f7c9b9f831ff91068570d341cc61589c485f7cf868ff9144be,ADDED,Shared,Shared across relevant heroes/base classes,"papyrusBonePunished or sansBoneFieldPunished.damage>0, once per actual moveSpent/nonMoveFirst punishment.",PUBLIC,"both, only for the visible/authorized effect"
SFX_BONE_PUNISH,SFX/packages/web/src/assets/sfx/common/status/bonePunish02.wav,packages/web/src/assets/sfx/common/status/bonePunish02.wav,848501a11bb435a20a5faa5aacbff1134b102dbdcefac757e34b0caa45d5e397,ADDED,Shared,Shared across relevant heroes/base classes,"papyrusBonePunished or sansBoneFieldPunished.damage>0, once per actual moveSpent/nonMoveFirst punishment.",PUBLIC,"both, only for the visible/authorized effect"
SFX_AWAKEN,SFX/packages/web/src/assets/sfx/common/status/awaken.wav,packages/web/src/assets/sfx/common/status/awaken.wav,684b822ad730d386d4bf94b2921da593986089d5486e8130a17de61b81900f0c,ADDED,Shared,Shared across relevant heroes/base classes,papyrusUnbelieverActivated or sansUnbelieverActivated after allied hero death. May share for Duolingo permanent Berserker unlock.,PUBLIC,"both, only for the visible/authorized effect"
SFX_PAPYRUS_LINE,SFX/packages/web/src/assets/sfx/heroes/papyrus/abilities/papyrusCoolGuyFire.wav,packages/web/src/assets/sfx/heroes/papyrus/abilities/papyrusCoolGuyFire.wav,c4ff842c0ecc3ef4a3daab1516372242ea0ec20129168624d13e14288f715eda,ADDED,Papyrus,papyrusCoolGuy,abilityUsed papyrusCoolGuy on committed straight-line attack; same asset can cover actual Long Bone line attack mode.,PUBLIC,"both, only for the visible/authorized effect"
SFX_METTATON_POPPINS,SFX/packages/web/src/assets/sfx/heroes/mettaton/abilities/mettatonPoppinsFire.wav,packages/web/src/assets/sfx/heroes/mettaton/abilities/mettatonPoppinsFire.wav,1f01c5f738010d6b6f17859e424ee72e55e1d496c9913721e11bb4084f0163eb,ADDED,Mettaton,mettatonPoppins,abilityUsed mettatonPoppins spends three Rating for 3x3 area attacks.,PUBLIC,"both, only for the visible/authorized effect"
SFX_METTATON_LASER,SFX/packages/web/src/assets/sfx/heroes/mettaton/abilities/mettatonLaserFire.wav,packages/web/src/assets/sfx/heroes/mettaton/abilities/mettatonLaserFire.wav,084c623c5da8479e030a93fc507d130372fe2f9106c4692df98574ca18a53eed,ADDED,Mettaton,mettatonLaser,abilityUsed mettatonLaser after EX; spends three Rating for line attacks.,PUBLIC,"both, only for the visible/authorized effect"
SFX_METTATON_EX,SFX/packages/web/src/assets/sfx/heroes/mettaton/transformations/mettatonExTransform.wav,packages/web/src/assets/sfx/heroes/mettaton/transformations/mettatonExTransform.wav,d36dfbd947bb09eed2ac6463001cc93f059765423b1843e0718e00cc7255be8b,ADDED,Mettaton,mettatonEx,"unitTransformed reason=mettatonThreshold, abilityId=mettatonEx / toFormId for EX; at own turn start Rating>=5, not on every rating tick.",PUBLIC,"both, only for the visible/authorized effect"
SFX_METTATON_NEO,SFX/packages/web/src/assets/sfx/heroes/mettaton/transformations/mettatonNeoTransform.wav,packages/web/src/assets/sfx/heroes/mettaton/transformations/mettatonNeoTransform.wav,3d6c11e461ed012a63bfe8abace0f76dc5a70fc6dded9673c511553972609b66,ADDED,Mettaton,mettatonNeo,"unitTransformed reason=mettatonThreshold, abilityId=mettatonNeo at own turn start Rating>=10.",PUBLIC,"both, only for the visible/authorized effect"
SFX_METTATON_FINAL,SFX/packages/web/src/assets/sfx/heroes/mettaton/phantasms/mettatonFinalChordFire.wav,packages/web/src/assets/sfx/heroes/mettaton/phantasms/mettatonFinalChordFire.wav,78444ec9b2987d306d761eaa1489a8e2979b6e796dd6769a50c631e9b5315a73,ADDED,Mettaton,mettatonFinalChord,abilityUsed mettatonFinalChord spends twelve Rating; attacks enemies on every available line for three damage on hit.,PUBLIC,"both, only for the visible/authorized effect"
SFX_UNDYNE_REVIVE,SFX/packages/web/src/assets/sfx/heroes/undyne/abilities/undyneUndyingRevive.wav,packages/web/src/assets/sfx/heroes/undyne/abilities/undyneUndyingRevive.wav,ba718cffe2582a209116984cd71aed317d521ff7fdcf0bd49a698d04736ef53f,ADDED,Undyne,undyneUndying,abilityUsed undyneUndying / unitHealed.sourceAbilityId=undyneUndying; first death revives with 3 HP and permanent immortal flags.,PUBLIC,"both, only for the visible/authorized effect"
SFX_RIVER_BOAT_LAUNCH,SFX/packages/web/src/assets/sfx/heroes/riverPerson/abilities/riverBoatLaunch.wav,packages/web/src/assets/sfx/heroes/riverPerson/abilities/riverBoatLaunch.wav,7bd6eeba7b393f68e32c96e4b3d7127f75c48ce6af4cbd95f7bd98704b84f7fc,ADDED,River Person,riverBoat,Accepted Boat travel commitment with abilityUsed riverBoat where emitted; ordinary Rider move may also invoke carry flow. Selection prompts alone do not launch boat.,PUBLIC,"both, only for the visible/authorized effect"
SFX_RIVER_BOAT_PICKUP,SFX/packages/web/src/assets/sfx/heroes/riverPerson/abilities/riverBoatPickup.wav,packages/web/src/assets/sfx/heroes/riverPerson/abilities/riverBoatPickup.wav,5dd6b48b7896b3c21a7ead52ab2d6aa3e0302cce0baeb12e20a442add9342789,ADDED,River Person,riverBoat,After accepted passenger choice becomes actual committed carry attachment; riverBoatCarryAllyId can represent selection before motion.,OWNER ONLY,acting owner; both only once the passenger pickup is publicly visible
SFX_RIVER_BOAT_MOVE,SFX/packages/web/src/assets/sfx/heroes/riverPerson/abilities/riverBoatMove01.wav,packages/web/src/assets/sfx/heroes/riverPerson/abilities/riverBoatMove01.wav,6844146dad95c487e74756a768027c8926089be773b63decbe476ec4f1175f6a,ADDED,River Person,riverBoat,Visible committed River movement in a Boat transport; collapse per-step unitMoved into short segments while travel is occurring.,PUBLIC,"both, only for the visible/authorized effect"
SFX_RIVER_BOAT_MOVE,SFX/packages/web/src/assets/sfx/heroes/riverPerson/abilities/riverBoatMove02.wav,packages/web/src/assets/sfx/heroes/riverPerson/abilities/riverBoatMove02.wav,1441ba2d159beffad612381b740c3a6cbf387cddaba7cb686ea48942dcc8ddf2,ADDED,River Person,riverBoat,Visible committed River movement in a Boat transport; collapse per-step unitMoved into short segments while travel is occurring.,PUBLIC,"both, only for the visible/authorized effect"
SFX_RIVER_BOAT_MOVE,SFX/packages/web/src/assets/sfx/heroes/riverPerson/abilities/riverBoatMove03.wav,packages/web/src/assets/sfx/heroes/riverPerson/abilities/riverBoatMove03.wav,a94c1bbca2ed5634945865154a58211620e4f97140158dd0f20e8046f8d35ac8,ADDED,River Person,riverBoat,Visible committed River movement in a Boat transport; collapse per-step unitMoved into short segments while travel is occurring.,PUBLIC,"both, only for the visible/authorized effect"
SFX_RIVER_BOAT_DROP,SFX/packages/web/src/assets/sfx/heroes/riverPerson/abilities/riverBoatDisembark.wav,packages/web/src/assets/sfx/heroes/riverPerson/abilities/riverBoatDisembark.wav,fa0f2bc0053961f85ac82c45327d716f9063b1aeff6dd5ca13ea54060ae36ddb,ADDED,River Person,riverBoat,riverBoatResolved with final riverDestination/dropDestination; ordinary carry/drop path uses same completed event; riverTraLaLaResolved shares this drop cue.,PUBLIC,"both, only for the visible/authorized effect"
SFX_RIVER_BOAT_STOP,SFX/packages/web/src/assets/sfx/heroes/riverPerson/abilities/riverBoatInterrupted.wav,packages/web/src/assets/sfx/heroes/riverPerson/abilities/riverBoatInterrupted.wav,71bb2649b32bd92b81e5a3bd2c736236a333793de77a2ad5346e268f9ec322a0,ADDED,River Person,riverBoat,riverBoatDisembarkFailed reason=noLegalDestinations/carrierDied; actual stakeTriggered stop or confirmed transport termination also ends movement.,PUBLIC,"both, only for the visible/authorized effect"
SFX_RIVER_TRALALA,SFX/packages/web/src/assets/sfx/heroes/riverPerson/phantasms/riverTraLaLaActivate.wav,packages/web/src/assets/sfx/heroes/riverPerson/phantasms/riverTraLaLaActivate.wav,b6e2fdd31b47a6ef6ce56791e6a3b082761229ad7de016d508cba57c91c744a3,ADDED,River Person,riverTraLaLa,"Confirmed riverTraLaLa cost commitment after target, destination and drop choices; pendingReactionMovement begins, then reached contact reactions.",PUBLIC,"both, only for the visible/authorized effect"
SFX_RIVER_BOATMAN,SFX/packages/web/src/assets/sfx/heroes/riverPerson/abilities/riverBoatmanGrant.wav,packages/web/src/assets/sfx/heroes/riverPerson/abilities/riverBoatmanGrant.wav,b8b29b3a5dc3e83866f821d16886ddcfdc9445256f56ec356ba091961c0b138b,ADDED,River Person,riverBoatman,riverBoatmanGranted confirms extraMoves from action spend; no movement yet.,PUBLIC,owner; both only if visible grant is useful
SFX_DUOLINGO_PUSH,SFX/packages/web/src/assets/sfx/heroes/duolingo/abilities/duolingoPushNotificationTeleport.wav,packages/web/src/assets/sfx/heroes/duolingo/abilities/duolingoPushNotificationTeleport.wav,e41acb5c39865bf53e2c3011e91cff650ce88cbbbfb9f2237add99bc5bca107e,ADDED,Duolingo,duolingoPushNotification,abilityUsed duolingoPushNotification and committed unitMoved after creature/destination selection; exits stealth.,PUBLIC,"both, only for the visible/authorized effect"
SFX_LUCHE_RAY,SFX/packages/web/src/assets/sfx/heroes/luche/abilities/lucheDivineRayFire.wav,packages/web/src/assets/sfx/heroes/luche/abilities/lucheDivineRayFire.wav,ea85a02daaa348c92b64cab7abb228a53eedcdec161b3fada1d308b319309f20,ADDED,Luche,lucheDivineRay,"abilityUsed lucheDivineRay, using own start-turn impulse counter or two Sun plus Action; line or aroundSelf confirmed.",PUBLIC,"both, only for the visible/authorized effect"
SFX_LUCHE_SUN,SFX/packages/web/src/assets/sfx/heroes/luche/phantasms/lucheBurningSunCast.wav,packages/web/src/assets/sfx/heroes/luche/phantasms/lucheBurningSunCast.wav,376280cd7a00896138030e0cb98deed1aa75d691557963c31d9e3e9cc4e0ab59,ADDED,Luche,lucheBurningSun,abilityUsed lucheBurningSun spends five Sun; attacks enemies in current attack area for two damage plus Blind on failed defenses.,PUBLIC,"both, only for the visible/authorized effect"
SFX_ZORO_ONI,SFX/packages/web/src/assets/sfx/heroes/zoro/abilities/zoroOniGiriDash.wav,packages/web/src/assets/sfx/heroes/zoro/abilities/zoroOniGiriDash.wav,15aff727f7ad050511fe45b3a8e7601ef7c7460094914cdcd9e93a4d4485aee1,ADDED,Zoro,zoroOniGiri,abilityUsed zoroOniGiri plus unitMoved to legal before/behind target cell; then attack resolves.,PUBLIC,"both, only for the visible/authorized effect"
SFX_ZORO_ASURA,SFX/packages/web/src/assets/sfx/heroes/zoro/phantasms/zoroAsuraCast.wav,packages/web/src/assets/sfx/heroes/zoro/phantasms/zoroAsuraCast.wav,7615dc817473905ac8b60bd956fd3b57eba466f0d1b2c9da08b1021a15200c2a,ADDED,Zoro,zoroAsura,abilityUsed zoroAsura spends six Determination; attacks enemies within radius two with one bonus damage.,PUBLIC,"both, only for the visible/authorized effect"
SFX_DON_WINDMILLS,SFX/packages/web/src/assets/sfx/heroes/donKihote/abilities/donKihoteWindmillsDash.wav,packages/web/src/assets/sfx/heroes/donKihote/abilities/donKihoteWindmillsDash.wav,4fe2339543ca29d5f5fad25c52e9f482fe70dda8ed5442ec3eb5a5b26930b3df,ADDED,Don Quixote,donKihoteWindmills,"abilityUsed donKihoteWindmills and committed unitMoved; dash toward declared Giant, crossed enemy damage/reposition choices and final Giant attack follow.",PUBLIC,"both, only for the visible/authorized effect"
SFX_DON_MADNESS,SFX/packages/web/src/assets/sfx/heroes/donKihote/phantasms/donKihoteMadnessFinalAttack.wav,packages/web/src/assets/sfx/heroes/donKihote/phantasms/donKihoteMadnessFinalAttack.wav,ac1ca6c88425df03dd896895466ccd0c7f0c6eaa8541551f0ff509dac3a39261,ADDED,Don Quixote,donKihoteMadness,"abilityUsed donKihoteMadness flags pending final attack on death; donMadDelusionDirection commits straight enemy line, actual attacks and aoeResolved finalize death.",PUBLIC,"both, only for the visible/authorized effect"
SFX_ARTEMIS_REVEAL,SFX/packages/web/src/assets/sfx/heroes/artemida/abilities/artemidaMoonlightShotScan.wav,packages/web/src/assets/sfx/heroes/artemida/abilities/artemidaMoonlightShotScan.wav,ba5b7f592c3a3c687d73cf560cad913b7de88e003f28be6b80c06cc2d2c60f51,ADDED,Artemis,artemidaMoonlightShot,abilityUsed abilityId=artemidaMoonlightShot and aoeResolved for a 3x3 area on Archer line; enemies exit stealth.,PUBLIC,"both, only for the visible/authorized effect"
SFX_ARTEMIS_CRESCENT,SFX/packages/web/src/assets/sfx/heroes/artemida/phantasms/artemidaSilverCrescentFire.wav,packages/web/src/assets/sfx/heroes/artemida/phantasms/artemidaSilverCrescentFire.wav,0fff4f795fdba28cf6ab7f444e70957b1f5b6f98747d5d451fa4caac3c1cc3da,ADDED,Artemis,artemidaSilverCrescent,"abilityUsed artemidaSilverCrescent after endpoint commitment; actual ID artemidaSilverCrescent, strikes line and adjacent cells for two damage on failed defense.",PUBLIC,"both, only for the visible/authorized effect"
SFX_PONG_BOUNCE,SFX/packages/web/src/assets/sfx/common/combat/pongBounce01.wav,packages/web/src/assets/sfx/common/combat/pongBounce01.wav,b66089a3d1f111fe52702bc42e32abe921ec69687e8265450af4fba7aa851be7,ADDED,Shared,Shared across relevant heroes/base classes,"Optional Heartbreak/Pong mode: actual paddle or top/bottom wall collision in server pong/engine.ts, displayed by pages/Heartbreak.tsx.",PUBLIC,both minigame participants
SFX_PONG_BOUNCE,SFX/packages/web/src/assets/sfx/common/combat/pongBounce02.wav,packages/web/src/assets/sfx/common/combat/pongBounce02.wav,b54c8fd50324481e56ab878071e35cba120aaeccc5c1907818984747cbb44a5f,ADDED,Shared,Shared across relevant heroes/base classes,"Optional Heartbreak/Pong mode: actual paddle or top/bottom wall collision in server pong/engine.ts, displayed by pages/Heartbreak.tsx.",PUBLIC,both minigame participants
